USE peo_database;
START TRANSACTION;
INSERT INTO my_app_division (`key`, label, is_active)
VALUES
('admin','Admin Division',1),
('planning','Planning Division',1),
('construction','Construction Division',1),
('quality','Quality Division',1),
('maintenance','Maintenance Division',1)
ON DUPLICATE KEY UPDATE label=VALUES(label), is_active=VALUES(is_active);
INSERT INTO my_app_shareddivisionstore (`key`, data, created_at, updated_at) VALUES ('admin', CAST('[{"__record_id": "admin_submit_1774338469419_funu95", "slip_no": "", "document_name": "Construction of Bridge", "location": "Brgy. San Rafael Palawan", "contractor": "", "contract_amount": "", "revised_contract_amount": "", "description": "Construction proposal approved.", "date_received": "2026-03-24", "doc_status": "Routed", "billing_status": "Routed", "status": "Routed", "division": "Admin Division", "doc_type": "Submission (Construction Division)", "scanned_file_name": "OIP.webp", "scanned_file_type": "image/webp", "scanned_file_data": "/static/uploads/construction_ea1b6f7f22fc40c1adf39fe42a9114a1.webp", "__attachments": [{"id": "att_1774338469419_dlwrde", "name": "OIP.webp", "type": "image/webp", "dataUrl": "/static/uploads/construction_ea1b6f7f22fc40c1adf39fe42a9114a1.webp", "addedBy": "Construction Division", "addedAt": "2026-03-24T07:47:49.419Z"}], "__submitted_from_division": "maintenance", "__submitted_from_source_id": "admin_submit_1774338469419_funu95", "__submitted_at": "2026-03-24T09:16:11.961Z", "__tracking_events": [{"at": "2026-03-24T07:47:49.419Z", "action": "Submitted", "from": "Construction Division", "to": "Planning Division", "by": "Construction Division", "source_division": "construction", "source_id": "proposal_1774338462911_fwmfon"}, {"at": "2026-03-24T07:47:49.419Z", "action": "Routed", "from": "Construction Division", "to": "Planning Division", "by": "Construction Division", "source_division": "construction", "source_id": "proposal_1774338462911_fwmfon"}, {"at": "2026-03-24T09:15:49.238Z", "action": "Routed", "from": "Planning Division", "to": "Admin Division", "by": "Planning Division", "source_division": "planning", "source_id": "admin_submit_1774338469419_funu95"}, {"at": "2026-03-24T09:15:49.238Z", "action": "Routed", "from": "Maintenance Division", "to": "Admin Division", "by": "Maintenance Division", "note": "Reconciled from Maintenance task log"}, {"at": "2026-03-24T09:16:11.961Z", "action": "Routed", "from": "Maintenance Division", "to": "Admin Division", "by": "Maintenance Division", "note": "Reconciled from Maintenance task log"}], "received_from": "Construction Division", "billing_history": [{"billing_type": "", "billing_type_other": "", "percentage": "", "date_received": "2026-03-24", "received_from": "Construction Division", "received_by": "", "status": "routed", "changed_at": "2026-03-24T07:48:25.341Z"}], "__updated_at": "2026-03-24T09:15:49.238Z"}, {"__record_id": "admin_submit_1774338263500_oows6d", "slip_no": "", "document_name": "dadasddasda", "location": "dasd213", "contractor": "", "contract_amount": "", "revised_contract_amount": "", "description": "Construction proposal approved.", "date_received": "2026-03-24", "doc_status": "Routed", "billing_status": "Routed", "status": "Routed", "division": "Admin Division", "doc_type": "Submission (Construction Division)", "scanned_file_name": "3897918a-0b59-441e-8539-dbb50a8f30d2.jpg", "scanned_file_type": "image/jpeg", "scanned_file_data": "/static/uploads/construction_e58abdb16a414fde87faf2ae94f259e5.jpg", "__attachments": [{"id": "att_1774338263500_4k0mox", "name": "3897918a-0b59-441e-8539-dbb50a8f30d2.jpg", "type": "image/jpeg", "dataUrl": "/static/uploads/construction_e58abdb16a414fde87faf2ae94f259e5.jpg", "addedBy": "Construction Division", "addedAt": "2026-03-24T07:44:23.500Z"}], "__submitted_from_division": "maintenance", "__submitted_from_source_id": "admin_submit_1774338263500_oows6d", "__submitted_at": "2026-03-24T09:16:11.961Z", "__tracking_events": [{"at": "2026-03-24T07:44:23.500Z", "action": "Submitted", "from": "Construction Division", "to": "Planning Division", "by": "Construction Division", "source_division": "construction", "source_id": "proposal_1774337719453_76bx2e"}, {"at": "2026-03-24T07:44:23.501Z", "action": "Routed", "from": "Construction Division", "to": "Planning Division", "by": "Construction Division", "source_division": "construction", "source_id": "proposal_1774337719453_76bx2e"}, {"at": "2026-03-24T09:15:55.783Z", "action": "Routed", "from": "Planning Division", "to": "Admin Division", "by": "Planning Division", "source_division": "planning", "source_id": "admin_submit_1774338263500_oows6d"}, {"at": "2026-03-24T09:15:55.783Z", "action": "Routed", "from": "Maintenance Division", "to": "Admin Division", "by": "Maintenance Division", "note": "Reconciled from Maintenance task log"}, {"at": "2026-03-24T09:16:11.961Z", "action": "Routed", "from": "Maintenance Division", "to": "Admin Division", "by": "Maintenance Division", "note": "Reconciled from Maintenance task log"}], "received_from": "Construction Division", "billing_history": [{"billing_type": "", "billing_type_other": "", "percentage": "", "date_received": "2026-03-24", "received_from": "Construction Division", "received_by": "", "status": "routed", "changed_at": "2026-03-24T07:48:25.341Z"}], "__updated_at": "2026-03-24T09:15:55.783Z"}]' AS JSON), NOW(), NOW()) ON DUPLICATE KEY UPDATE data=VALUES(data), updated_at=VALUES(updated_at);
INSERT INTO my_app_shareddivisionstore (`key`, data, created_at, updated_at) VALUES ('planning', CAST('[{"id": "planning_doc_admin_admin_submit_1774338469419_funu95", "__admin_source_id": "admin_submit_1774338469419_funu95", "__received_at": "2026-03-24T07:47:49.419Z", "__created_at": "2026-03-24T07:47:49.419Z", "slip_no": "", "document_name": "Construction of Bridge", "location": "Brgy. San Rafael Palawan", "contractor": "", "contract_amount": "", "revised_contract_amount": "", "amount": "", "received_from": "Admin Division", "date_received": "2026-03-24", "status": "For Review", "budget_allocation": "", "budget_allocation_other": "", "remarks": "Construction proposal approved.", "created_at": 1774338471362, "__route": "Incoming", "__routed_to": ""}]' AS JSON), NOW(), NOW()) ON DUPLICATE KEY UPDATE data=VALUES(data), updated_at=VALUES(updated_at);
INSERT INTO my_app_shareddivisionstore (`key`, data, created_at, updated_at) VALUES ('construction', CAST('[{"__id": "construction_1774345668942_tbk3w2", "project_name": "CONSTRUCTION OF MEDICAL STORAGE FACILITY", "location": "MUNICIPALITY OF TAYTAY, PALAWAN", "mun": "TAYTAY", "contractor": "RD ABACIAL CONSTRUCTION", "contract_cost": "2891341.13", "ntp_date": "45744", "cd": "120", "original_expiry_date": "2025-07-26", "addl_cd": "42", "revised_expiry_date": "S.O - 1", "date_completed": "", "revised_contract_cost": "", "status_previous": "1", "status_current": "1", "time_elapsed": "1", "slippage": "0", "remarks": "COMPLETED", "__created_at": "2026-03-24T09:47:48.942Z", "__created_by": "LANCE ARMSTRONG NAVARRO", "__report_date": "2026-03-24T09:47:48.942Z", "__updated_at": "2026-03-24T09:47:48.942Z", "__updated_by": "LANCE ARMSTRONG NAVARRO"}, {"__id": "construction_1774345668942_zj2yoo", "project_name": "CONSTRUCTION OF SLOPE PROTECTION IN PAGLAUM - ITANGIL ROAD", "location": "BGY. TALOG, TAYTAY, PALAWAN", "mun": "TAYTAY", "contractor": "MAXIMMUS CONSTRUCTION", "contract_cost": "11694276.93", "ntp_date": "45741", "cd": "153", "original_expiry_date": "2025-08-25", "addl_cd": "45", "revised_expiry_date": "S.O - 1", "date_completed": "", "revised_contract_cost": "", "status_previous": "1", "status_current": "1", "time_elapsed": "1", "slippage": "0", "remarks": "COMPLETED", "__created_at": "2026-03-24T09:47:48.942Z", "__created_by": "LANCE ARMSTRONG NAVARRO", "__report_date": "2026-03-24T09:47:48.942Z", "__updated_at": "2026-03-24T09:47:48.942Z", "__updated_by": "LANCE ARMSTRONG NAVARRO"}, {"__id": "construction_1774345668942_dl6s85", "project_name": "CONSTRUCTION OF CISTERN TANK, NORTHERN PALAWAN PROVINCIAL HOSPITAL", "location": "TAYTAY, PALAWAN", "mun": "TAYTAY", "contractor": "GTH BUILDERS AND DEVELOPERS", "contract_cost": "1499999.96", "ntp_date": "45777", "cd": "120", "original_expiry_date": "2025-08-28", "addl_cd": "11", "revised_expiry_date": "S.O - 1", "date_completed": "", "revised_contract_cost": "", "status_previous": "0.98", "status_current": "0.98", "time_elapsed": "1", "slippage": "-0.020000000000000018", "remarks": "ONGOING", "__created_at": "2026-03-24T09:47:48.942Z", "__created_by": "LANCE ARMSTRONG NAVARRO", "__report_date": "2026-03-24T09:47:48.942Z", "__updated_at": "2026-03-24T09:47:48.942Z", "__updated_by": "LANCE ARMSTRONG NAVARRO"}, {"__id": "construction_1774345668942_q21kg3", "project_name": "CONSTRUCTION OF THREE IN ONE LARGE SCALE RURAL HEALTH UNIT PHASE II", "location": "NORTHEAST SANDOVAL, TAYTAY, PALAWAN", "mun": "TAYTAY", "contractor": "JJH CONSTRUCTION AND SUPPLIES TRADING", "contract_cost": "13494947.18", "ntp_date": "45814", "cd": "180", "original_expiry_date": "2025-12-03", "addl_cd": "78", "revised_expiry_date": "2026-02-19", "date_completed": "", "revised_contract_cost": "", "status_previous": "0.44", "status_current": "0.45", "time_elapsed": "0.9031007751937985", "slippage": "-0.4531007751937985", "remarks": "ONGOING", "__created_at": "2026-03-24T09:47:48.942Z", "__created_by": "LANCE ARMSTRONG NAVARRO", "__report_date": "2026-03-24T09:47:48.942Z", "__updated_at": "2026-03-24T09:47:48.942Z", "__updated_by": "LANCE ARMSTRONG NAVARRO"}, {"__id": "construction_1774345668942_ok3t5x", "project_name": "CONSTRUCTION OF TWO(2) CLASS ROOM BUILDING SCHOOL BUILDING,CATABAN ELEMENTARY SCHOOL", "location": "BRGY.CATABAN", "mun": "TAYTAY", "contractor": "FSD CONSTRUCTION", "contract_cost": "5665022.67", "ntp_date": "45835", "cd": "155", "original_expiry_date": "2025-11-29", "addl_cd": "30", "revised_expiry_date": "2025-12-29", "date_completed": "", "revised_contract_cost": "", "status_previous": "0.65", "status_current": "0.78", "time_elapsed": "1", "slippage": "-0.21999999999999997", "remarks": "ONGOING", "__created_at": "2026-03-24T09:47:48.942Z", "__created_by": "LANCE ARMSTRONG NAVARRO", "__report_date": "2026-03-24T09:47:48.942Z", "__updated_at": "2026-03-24T09:47:48.942Z", "__updated_by": "LANCE ARMSTRONG NAVARRO"}, {"__id": "construction_1774345668942_4t89el", "project_name": "REPAIR OF NORTHERN PALAWAN PROVINCIAL HOSPITAL DAMAGED BY TYPHOON TINO TAYTAY", "location": "POBLACION", "mun": "TAYTAY", "contractor": "Seven Digit Construction and Trucking Services Corp.", "contract_cost": "7196872.2", "ntp_date": "46035", "cd": "180", "original_expiry_date": "2026-07-12", "addl_cd": "", "revised_expiry_date": "", "date_completed": "", "revised_contract_cost": "", "status_previous": "0.65", "status_current": "0.0123", "time_elapsed": "0.06666666666666667", "slippage": "-0.05436666666666667", "remarks": "ONGOING", "__created_at": "2026-03-24T09:47:48.942Z", "__created_by": "LANCE ARMSTRONG NAVARRO", "__report_date": "2026-03-24T09:47:48.942Z", "__updated_at": "2026-03-24T09:47:48.942Z", "__updated_by": "LANCE ARMSTRONG NAVARRO"}]' AS JSON), NOW(), NOW()) ON DUPLICATE KEY UPDATE data=VALUES(data), updated_at=VALUES(updated_at);
INSERT INTO my_app_shareddivisionstore (`key`, data, created_at, updated_at) VALUES ('quality', CAST('[]' AS JSON), NOW(), NOW()) ON DUPLICATE KEY UPDATE data=VALUES(data), updated_at=VALUES(updated_at);
INSERT INTO my_app_shareddivisionstore (`key`, data, created_at, updated_at) VALUES ('maintenance', CAST('{"version": 1, "roadRecords": [], "equipmentRows": [], "scheduleRows": [], "taskRows": [{"adminRecordId": "admin_submit_1774338263500_oows6d", "slipNo": "-", "title": "dadasddasda", "location": "dasd213", "assignedTo": "", "division": "Admin Division", "allocation": "Admin Division", "priority": "-", "amount": "-", "receiveFrom": "Planning Division", "dueDateIso": "2026-03-24", "dueDateDisplay": "Mar 24, 2026", "createdAt": "2026-03-24T09:15:55.783Z", "updatedAt": "2026-03-24T09:16:43.215Z", "route": "Outgoing", "status": "Pending", "notes": "Construction proposal approved."}, {"adminRecordId": "admin_submit_1774338469419_funu95", "slipNo": "-", "title": "Construction of Bridge", "location": "Brgy. San Rafael Palawan", "assignedTo": "", "division": "Admin Division", "allocation": "Admin Division", "priority": "-", "amount": "-", "receiveFrom": "Planning Division", "dueDateIso": "2026-03-24", "dueDateDisplay": "Mar 24, 2026", "createdAt": "2026-03-24T09:15:49.238Z", "updatedAt": "2026-03-24T09:16:43.215Z", "route": "Outgoing", "status": "Pending", "notes": "Construction proposal approved."}], "personnelRecords": [], "contractorRecords": [], "dismissedAdminTaskIds": []}' AS JSON), NOW(), NOW()) ON DUPLICATE KEY UPDATE data=VALUES(data), updated_at=VALUES(updated_at);
INSERT INTO my_app_workflow_record (id, source_admin_record_id, slip_no, document_name, project_name, location, contractor, billing_type, contract_amount, revised_contract_amount, assigned_division_key, doc_status, billing_status, scanned_file_url, date_received, submitted_from_division_key, payload, created_by_id, created_at, updated_at) VALUES ('348ebef2a5a5515f3ceb56d121af59f2', 'admin_submit_1774338469419_funu95', '', 'Construction of Bridge', NULL, 'Brgy. San Rafael Palawan', '', 'Submission (Construction Division)', NULL, NULL, 'admin', 'Routed', 'Routed', '/static/uploads/construction_ea1b6f7f22fc40c1adf39fe42a9114a1.webp', '2026-03-24 00:00:00', 'maintenance', CAST('{"__record_id": "admin_submit_1774338469419_funu95", "slip_no": "", "document_name": "Construction of Bridge", "location": "Brgy. San Rafael Palawan", "contractor": "", "contract_amount": "", "revised_contract_amount": "", "description": "Construction proposal approved.", "date_received": "2026-03-24", "doc_status": "Routed", "billing_status": "Routed", "status": "Routed", "division": "Admin Division", "doc_type": "Submission (Construction Division)", "scanned_file_name": "OIP.webp", "scanned_file_type": "image/webp", "scanned_file_data": "/static/uploads/construction_ea1b6f7f22fc40c1adf39fe42a9114a1.webp", "__attachments": [{"id": "att_1774338469419_dlwrde", "name": "OIP.webp", "type": "image/webp", "dataUrl": "/static/uploads/construction_ea1b6f7f22fc40c1adf39fe42a9114a1.webp", "addedBy": "Construction Division", "addedAt": "2026-03-24T07:47:49.419Z"}], "__submitted_from_division": "maintenance", "__submitted_from_source_id": "admin_submit_1774338469419_funu95", "__submitted_at": "2026-03-24T09:16:11.961Z", "__tracking_events": [{"at": "2026-03-24T07:47:49.419Z", "action": "Submitted", "from": "Construction Division", "to": "Planning Division", "by": "Construction Division", "source_division": "construction", "source_id": "proposal_1774338462911_fwmfon"}, {"at": "2026-03-24T07:47:49.419Z", "action": "Routed", "from": "Construction Division", "to": "Planning Division", "by": "Construction Division", "source_division": "construction", "source_id": "proposal_1774338462911_fwmfon"}, {"at": "2026-03-24T09:15:49.238Z", "action": "Routed", "from": "Planning Division", "to": "Admin Division", "by": "Planning Division", "source_division": "planning", "source_id": "admin_submit_1774338469419_funu95"}, {"at": "2026-03-24T09:15:49.238Z", "action": "Routed", "from": "Maintenance Division", "to": "Admin Division", "by": "Maintenance Division", "note": "Reconciled from Maintenance task log"}, {"at": "2026-03-24T09:16:11.961Z", "action": "Routed", "from": "Maintenance Division", "to": "Admin Division", "by": "Maintenance Division", "note": "Reconciled from Maintenance task log"}], "received_from": "Construction Division", "billing_history": [{"billing_type": "", "billing_type_other": "", "percentage": "", "date_received": "2026-03-24", "received_from": "Construction Division", "received_by": "", "status": "routed", "changed_at": "2026-03-24T07:48:25.341Z"}], "__updated_at": "2026-03-24T09:15:49.238Z"}' AS JSON), NULL, '2026-03-24 09:16:11', '2026-03-24 09:15:49') ON DUPLICATE KEY UPDATE document_name=VALUES(document_name), project_name=VALUES(project_name), location=VALUES(location), contractor=VALUES(contractor), billing_type=VALUES(billing_type), contract_amount=VALUES(contract_amount), revised_contract_amount=VALUES(revised_contract_amount), assigned_division_key=VALUES(assigned_division_key), doc_status=VALUES(doc_status), billing_status=VALUES(billing_status), scanned_file_url=VALUES(scanned_file_url), date_received=VALUES(date_received), submitted_from_division_key=VALUES(submitted_from_division_key), payload=VALUES(payload), updated_at=VALUES(updated_at);
INSERT INTO my_app_workflow_event (id, workflow_record_id, from_division_key, to_division_key, action, status_after, remarks, acted_by_id, acted_at) VALUES ('c7f3a4ab69a5278d1c36607bd1019398', '348ebef2a5a5515f3ceb56d121af59f2', 'construction', 'planning', 'Submitted', NULL, NULL, NULL, '2026-03-24 07:47:49') ON DUPLICATE KEY UPDATE from_division_key=VALUES(from_division_key), to_division_key=VALUES(to_division_key), action=VALUES(action), remarks=VALUES(remarks), acted_at=VALUES(acted_at);
INSERT INTO my_app_workflow_event (id, workflow_record_id, from_division_key, to_division_key, action, status_after, remarks, acted_by_id, acted_at) VALUES ('7733e9b67b1101b2c5057c56e5b8d625', '348ebef2a5a5515f3ceb56d121af59f2', 'construction', 'planning', 'Routed', NULL, NULL, NULL, '2026-03-24 07:47:49') ON DUPLICATE KEY UPDATE from_division_key=VALUES(from_division_key), to_division_key=VALUES(to_division_key), action=VALUES(action), remarks=VALUES(remarks), acted_at=VALUES(acted_at);
INSERT INTO my_app_workflow_event (id, workflow_record_id, from_division_key, to_division_key, action, status_after, remarks, acted_by_id, acted_at) VALUES ('ed885ea74aef4d5a6de88fd7018cbe25', '348ebef2a5a5515f3ceb56d121af59f2', 'planning', 'admin', 'Routed', NULL, NULL, NULL, '2026-03-24 09:15:49') ON DUPLICATE KEY UPDATE from_division_key=VALUES(from_division_key), to_division_key=VALUES(to_division_key), action=VALUES(action), remarks=VALUES(remarks), acted_at=VALUES(acted_at);
INSERT INTO my_app_workflow_event (id, workflow_record_id, from_division_key, to_division_key, action, status_after, remarks, acted_by_id, acted_at) VALUES ('c7f8ff9282fe3ff0f5bad2d0c5282ca5', '348ebef2a5a5515f3ceb56d121af59f2', 'maintenance', 'admin', 'Routed', NULL, 'Reconciled from Maintenance task log', NULL, '2026-03-24 09:15:49') ON DUPLICATE KEY UPDATE from_division_key=VALUES(from_division_key), to_division_key=VALUES(to_division_key), action=VALUES(action), remarks=VALUES(remarks), acted_at=VALUES(acted_at);
INSERT INTO my_app_workflow_event (id, workflow_record_id, from_division_key, to_division_key, action, status_after, remarks, acted_by_id, acted_at) VALUES ('1615476bdc03f4fc32ec386836edbe36', '348ebef2a5a5515f3ceb56d121af59f2', 'maintenance', 'admin', 'Routed', NULL, 'Reconciled from Maintenance task log', NULL, '2026-03-24 09:16:11') ON DUPLICATE KEY UPDATE from_division_key=VALUES(from_division_key), to_division_key=VALUES(to_division_key), action=VALUES(action), remarks=VALUES(remarks), acted_at=VALUES(acted_at);
INSERT INTO my_app_workflow_record (id, source_admin_record_id, slip_no, document_name, project_name, location, contractor, billing_type, contract_amount, revised_contract_amount, assigned_division_key, doc_status, billing_status, scanned_file_url, date_received, submitted_from_division_key, payload, created_by_id, created_at, updated_at) VALUES ('8d1840288d526dcb121e6a5cdb8a9bda', 'admin_submit_1774338263500_oows6d', '', 'dadasddasda', NULL, 'dasd213', '', 'Submission (Construction Division)', NULL, NULL, 'admin', 'Routed', 'Routed', '/static/uploads/construction_e58abdb16a414fde87faf2ae94f259e5.jpg', '2026-03-24 00:00:00', 'maintenance', CAST('{"__record_id": "admin_submit_1774338263500_oows6d", "slip_no": "", "document_name": "dadasddasda", "location": "dasd213", "contractor": "", "contract_amount": "", "revised_contract_amount": "", "description": "Construction proposal approved.", "date_received": "2026-03-24", "doc_status": "Routed", "billing_status": "Routed", "status": "Routed", "division": "Admin Division", "doc_type": "Submission (Construction Division)", "scanned_file_name": "3897918a-0b59-441e-8539-dbb50a8f30d2.jpg", "scanned_file_type": "image/jpeg", "scanned_file_data": "/static/uploads/construction_e58abdb16a414fde87faf2ae94f259e5.jpg", "__attachments": [{"id": "att_1774338263500_4k0mox", "name": "3897918a-0b59-441e-8539-dbb50a8f30d2.jpg", "type": "image/jpeg", "dataUrl": "/static/uploads/construction_e58abdb16a414fde87faf2ae94f259e5.jpg", "addedBy": "Construction Division", "addedAt": "2026-03-24T07:44:23.500Z"}], "__submitted_from_division": "maintenance", "__submitted_from_source_id": "admin_submit_1774338263500_oows6d", "__submitted_at": "2026-03-24T09:16:11.961Z", "__tracking_events": [{"at": "2026-03-24T07:44:23.500Z", "action": "Submitted", "from": "Construction Division", "to": "Planning Division", "by": "Construction Division", "source_division": "construction", "source_id": "proposal_1774337719453_76bx2e"}, {"at": "2026-03-24T07:44:23.501Z", "action": "Routed", "from": "Construction Division", "to": "Planning Division", "by": "Construction Division", "source_division": "construction", "source_id": "proposal_1774337719453_76bx2e"}, {"at": "2026-03-24T09:15:55.783Z", "action": "Routed", "from": "Planning Division", "to": "Admin Division", "by": "Planning Division", "source_division": "planning", "source_id": "admin_submit_1774338263500_oows6d"}, {"at": "2026-03-24T09:15:55.783Z", "action": "Routed", "from": "Maintenance Division", "to": "Admin Division", "by": "Maintenance Division", "note": "Reconciled from Maintenance task log"}, {"at": "2026-03-24T09:16:11.961Z", "action": "Routed", "from": "Maintenance Division", "to": "Admin Division", "by": "Maintenance Division", "note": "Reconciled from Maintenance task log"}], "received_from": "Construction Division", "billing_history": [{"billing_type": "", "billing_type_other": "", "percentage": "", "date_received": "2026-03-24", "received_from": "Construction Division", "received_by": "", "status": "routed", "changed_at": "2026-03-24T07:48:25.341Z"}], "__updated_at": "2026-03-24T09:15:55.783Z"}' AS JSON), NULL, '2026-03-24 09:16:11', '2026-03-24 09:15:55') ON DUPLICATE KEY UPDATE document_name=VALUES(document_name), project_name=VALUES(project_name), location=VALUES(location), contractor=VALUES(contractor), billing_type=VALUES(billing_type), contract_amount=VALUES(contract_amount), revised_contract_amount=VALUES(revised_contract_amount), assigned_division_key=VALUES(assigned_division_key), doc_status=VALUES(doc_status), billing_status=VALUES(billing_status), scanned_file_url=VALUES(scanned_file_url), date_received=VALUES(date_received), submitted_from_division_key=VALUES(submitted_from_division_key), payload=VALUES(payload), updated_at=VALUES(updated_at);
INSERT INTO my_app_workflow_event (id, workflow_record_id, from_division_key, to_division_key, action, status_after, remarks, acted_by_id, acted_at) VALUES ('714d256001181a462e6078ee4c24dda9', '8d1840288d526dcb121e6a5cdb8a9bda', 'construction', 'planning', 'Submitted', NULL, NULL, NULL, '2026-03-24 07:44:23') ON DUPLICATE KEY UPDATE from_division_key=VALUES(from_division_key), to_division_key=VALUES(to_division_key), action=VALUES(action), remarks=VALUES(remarks), acted_at=VALUES(acted_at);
INSERT INTO my_app_workflow_event (id, workflow_record_id, from_division_key, to_division_key, action, status_after, remarks, acted_by_id, acted_at) VALUES ('84ecde35496084db6494eaa1b82db360', '8d1840288d526dcb121e6a5cdb8a9bda', 'construction', 'planning', 'Routed', NULL, NULL, NULL, '2026-03-24 07:44:23') ON DUPLICATE KEY UPDATE from_division_key=VALUES(from_division_key), to_division_key=VALUES(to_division_key), action=VALUES(action), remarks=VALUES(remarks), acted_at=VALUES(acted_at);
INSERT INTO my_app_workflow_event (id, workflow_record_id, from_division_key, to_division_key, action, status_after, remarks, acted_by_id, acted_at) VALUES ('578d1d30f00b8f29f80e161ce014efec', '8d1840288d526dcb121e6a5cdb8a9bda', 'planning', 'admin', 'Routed', NULL, NULL, NULL, '2026-03-24 09:15:55') ON DUPLICATE KEY UPDATE from_division_key=VALUES(from_division_key), to_division_key=VALUES(to_division_key), action=VALUES(action), remarks=VALUES(remarks), acted_at=VALUES(acted_at);
INSERT INTO my_app_workflow_event (id, workflow_record_id, from_division_key, to_division_key, action, status_after, remarks, acted_by_id, acted_at) VALUES ('0f52135761b414c4ff8ed22efbed6ac2', '8d1840288d526dcb121e6a5cdb8a9bda', 'maintenance', 'admin', 'Routed', NULL, 'Reconciled from Maintenance task log', NULL, '2026-03-24 09:15:55') ON DUPLICATE KEY UPDATE from_division_key=VALUES(from_division_key), to_division_key=VALUES(to_division_key), action=VALUES(action), remarks=VALUES(remarks), acted_at=VALUES(acted_at);
INSERT INTO my_app_workflow_event (id, workflow_record_id, from_division_key, to_division_key, action, status_after, remarks, acted_by_id, acted_at) VALUES ('6bf8237d586f1af5595fadd81d215489', '8d1840288d526dcb121e6a5cdb8a9bda', 'maintenance', 'admin', 'Routed', NULL, 'Reconciled from Maintenance task log', NULL, '2026-03-24 09:16:11') ON DUPLICATE KEY UPDATE from_division_key=VALUES(from_division_key), to_division_key=VALUES(to_division_key), action=VALUES(action), remarks=VALUES(remarks), acted_at=VALUES(acted_at);
INSERT INTO my_app_planning_record (id, workflow_record_id, budget_no, project_name, location, contractor, contract_amount, revised_contract_amount, budget_allocation, status, remarks, date_received, received_from, payload, updated_at) VALUES ('a3ac50f7c01ed7d5facca42cba7ccd3c', '348ebef2a5a5515f3ceb56d121af59f2', NULL, 'Construction of Bridge', 'Brgy. San Rafael Palawan', '', NULL, NULL, NULL, 'For Review', 'Construction proposal approved.', '2026-03-24 00:00:00', 'Admin Division', CAST('{"id": "planning_doc_admin_admin_submit_1774338469419_funu95", "__admin_source_id": "admin_submit_1774338469419_funu95", "__received_at": "2026-03-24T07:47:49.419Z", "__created_at": "2026-03-24T07:47:49.419Z", "slip_no": "", "document_name": "Construction of Bridge", "location": "Brgy. San Rafael Palawan", "contractor": "", "contract_amount": "", "revised_contract_amount": "", "amount": "", "received_from": "Admin Division", "date_received": "2026-03-24", "status": "For Review", "budget_allocation": "", "budget_allocation_other": "", "remarks": "Construction proposal approved.", "created_at": 1774338471362, "__route": "Incoming", "__routed_to": ""}' AS JSON), NOW()) ON DUPLICATE KEY UPDATE status=VALUES(status), remarks=VALUES(remarks), budget_allocation=VALUES(budget_allocation), payload=VALUES(payload), updated_at=VALUES(updated_at);
INSERT INTO my_app_division_submission (id, workflow_record_id, division_key, reference_no, received_from, received_at, status, remarks, payload, submitted_by_id, created_at, updated_at) VALUES ('342ad85144a328a3059259f6d36391f7', '348ebef2a5a5515f3ceb56d121af59f2', 'planning', 'planning_doc_admin_admin_submit_1774338469419_funu95', 'Admin Division', '2026-03-24 00:00:00', 'For Review', 'Construction proposal approved.', CAST('{"id": "planning_doc_admin_admin_submit_1774338469419_funu95", "__admin_source_id": "admin_submit_1774338469419_funu95", "__received_at": "2026-03-24T07:47:49.419Z", "__created_at": "2026-03-24T07:47:49.419Z", "slip_no": "", "document_name": "Construction of Bridge", "location": "Brgy. San Rafael Palawan", "contractor": "", "contract_amount": "", "revised_contract_amount": "", "amount": "", "received_from": "Admin Division", "date_received": "2026-03-24", "status": "For Review", "budget_allocation": "", "budget_allocation_other": "", "remarks": "Construction proposal approved.", "created_at": 1774338471362, "__route": "Incoming", "__routed_to": ""}' AS JSON), NULL, NOW(), NOW()) ON DUPLICATE KEY UPDATE status=VALUES(status), remarks=VALUES(remarks), payload=VALUES(payload), updated_at=VALUES(updated_at);
INSERT INTO my_app_workflow_record (id, source_admin_record_id, slip_no, document_name, project_name, location, contractor, billing_type, contract_amount, revised_contract_amount, assigned_division_key, doc_status, billing_status, date_received, payload, created_by_id, created_at, updated_at) VALUES ('9f2c6932e124986be61f4959ea18bceb', NULL, NULL, 'CONSTRUCTION OF MEDICAL STORAGE FACILITY', 'CONSTRUCTION OF MEDICAL STORAGE FACILITY', 'MUNICIPALITY OF TAYTAY, PALAWAN', 'RD ABACIAL CONSTRUCTION', NULL, 2891341.13, NULL, 'construction', '1', '1', '2025-03-28 00:00:00', CAST('{"__id": "construction_1774345668942_tbk3w2", "project_name": "CONSTRUCTION OF MEDICAL STORAGE FACILITY", "location": "MUNICIPALITY OF TAYTAY, PALAWAN", "mun": "TAYTAY", "contractor": "RD ABACIAL CONSTRUCTION", "contract_cost": "2891341.13", "ntp_date": "45744", "cd": "120", "original_expiry_date": "2025-07-26", "addl_cd": "42", "revised_expiry_date": "S.O - 1", "date_completed": "", "revised_contract_cost": "", "status_previous": "1", "status_current": "1", "time_elapsed": "1", "slippage": "0", "remarks": "COMPLETED", "__created_at": "2026-03-24T09:47:48.942Z", "__created_by": "LANCE ARMSTRONG NAVARRO", "__report_date": "2026-03-24T09:47:48.942Z", "__updated_at": "2026-03-24T09:47:48.942Z", "__updated_by": "LANCE ARMSTRONG NAVARRO"}' AS JSON), NULL, '2026-03-24 09:47:48', '2026-03-24 09:47:48') ON DUPLICATE KEY UPDATE payload=VALUES(payload), updated_at=VALUES(updated_at), doc_status=VALUES(doc_status), billing_status=VALUES(billing_status);
INSERT INTO my_app_construction_project (id, workflow_record_id, project_name, location, municipality, contractor, contract_cost, ntp_date, contract_duration_days, original_expiry_date, additional_cd_days, revised_expiry_date, date_completed, revised_contract_cost, status_previous_percent, status_current_percent, time_elapsed_percent, slippage_percent, remarks, payload, created_by_id, created_at, updated_at) VALUES ('2718170f0b4cd14f214ab0b2e21b36a0', '9f2c6932e124986be61f4959ea18bceb', 'CONSTRUCTION OF MEDICAL STORAGE FACILITY', 'MUNICIPALITY OF TAYTAY, PALAWAN', 'TAYTAY', 'RD ABACIAL CONSTRUCTION', 2891341.13, '2025-03-28', 120, '2025-07-26', 42 , NULL, NULL, NULL, 1.0, 1.0, 1.0, 0.0, 'COMPLETED', CAST('{"__id": "construction_1774345668942_tbk3w2", "project_name": "CONSTRUCTION OF MEDICAL STORAGE FACILITY", "location": "MUNICIPALITY OF TAYTAY, PALAWAN", "mun": "TAYTAY", "contractor": "RD ABACIAL CONSTRUCTION", "contract_cost": "2891341.13", "ntp_date": "45744", "cd": "120", "original_expiry_date": "2025-07-26", "addl_cd": "42", "revised_expiry_date": "S.O - 1", "date_completed": "", "revised_contract_cost": "", "status_previous": "1", "status_current": "1", "time_elapsed": "1", "slippage": "0", "remarks": "COMPLETED", "__created_at": "2026-03-24T09:47:48.942Z", "__created_by": "LANCE ARMSTRONG NAVARRO", "__report_date": "2026-03-24T09:47:48.942Z", "__updated_at": "2026-03-24T09:47:48.942Z", "__updated_by": "LANCE ARMSTRONG NAVARRO"}' AS JSON), NULL, NOW(), NOW()) ON DUPLICATE KEY UPDATE workflow_record_id=VALUES(workflow_record_id), project_name=VALUES(project_name), location=VALUES(location), municipality=VALUES(municipality), contractor=VALUES(contractor), contract_cost=VALUES(contract_cost), ntp_date=VALUES(ntp_date), contract_duration_days=VALUES(contract_duration_days), original_expiry_date=VALUES(original_expiry_date), additional_cd_days=VALUES(additional_cd_days), revised_expiry_date=VALUES(revised_expiry_date), date_completed=VALUES(date_completed), revised_contract_cost=VALUES(revised_contract_cost), status_previous_percent=VALUES(status_previous_percent), status_current_percent=VALUES(status_current_percent), time_elapsed_percent=VALUES(time_elapsed_percent), slippage_percent=VALUES(slippage_percent), remarks=VALUES(remarks), payload=VALUES(payload), updated_at=VALUES(updated_at);
INSERT INTO my_app_division_submission (id, workflow_record_id, division_key, reference_no, received_from, received_at, status, remarks, payload, submitted_by_id, created_at, updated_at) VALUES ('78991802e2e5beb1882fd3834a51b67d', '9f2c6932e124986be61f4959ea18bceb', 'construction', 'construction_1774345668942_tbk3w2', NULL, NULL, '1', 'COMPLETED', CAST('{"__id": "construction_1774345668942_tbk3w2", "project_name": "CONSTRUCTION OF MEDICAL STORAGE FACILITY", "location": "MUNICIPALITY OF TAYTAY, PALAWAN", "mun": "TAYTAY", "contractor": "RD ABACIAL CONSTRUCTION", "contract_cost": "2891341.13", "ntp_date": "45744", "cd": "120", "original_expiry_date": "2025-07-26", "addl_cd": "42", "revised_expiry_date": "S.O - 1", "date_completed": "", "revised_contract_cost": "", "status_previous": "1", "status_current": "1", "time_elapsed": "1", "slippage": "0", "remarks": "COMPLETED", "__created_at": "2026-03-24T09:47:48.942Z", "__created_by": "LANCE ARMSTRONG NAVARRO", "__report_date": "2026-03-24T09:47:48.942Z", "__updated_at": "2026-03-24T09:47:48.942Z", "__updated_by": "LANCE ARMSTRONG NAVARRO"}' AS JSON), NULL, NOW(), NOW()) ON DUPLICATE KEY UPDATE status=VALUES(status), remarks=VALUES(remarks), payload=VALUES(payload), updated_at=VALUES(updated_at);
INSERT INTO my_app_workflow_record (id, source_admin_record_id, slip_no, document_name, project_name, location, contractor, billing_type, contract_amount, revised_contract_amount, assigned_division_key, doc_status, billing_status, date_received, payload, created_by_id, created_at, updated_at) VALUES ('ca473ffb1ccda6ee07ca60d164c329bc', NULL, NULL, 'CONSTRUCTION OF SLOPE PROTECTION IN PAGLAUM - ITANGIL ROAD', 'CONSTRUCTION OF SLOPE PROTECTION IN PAGLAUM - ITANGIL ROAD', 'BGY. TALOG, TAYTAY, PALAWAN', 'MAXIMMUS CONSTRUCTION', NULL, 11694276.93, NULL, 'construction', '1', '1', '2025-03-25 00:00:00', CAST('{"__id": "construction_1774345668942_zj2yoo", "project_name": "CONSTRUCTION OF SLOPE PROTECTION IN PAGLAUM - ITANGIL ROAD", "location": "BGY. TALOG, TAYTAY, PALAWAN", "mun": "TAYTAY", "contractor": "MAXIMMUS CONSTRUCTION", "contract_cost": "11694276.93", "ntp_date": "45741", "cd": "153", "original_expiry_date": "2025-08-25", "addl_cd": "45", "revised_expiry_date": "S.O - 1", "date_completed": "", "revised_contract_cost": "", "status_previous": "1", "status_current": "1", "time_elapsed": "1", "slippage": "0", "remarks": "COMPLETED", "__created_at": "2026-03-24T09:47:48.942Z", "__created_by": "LANCE ARMSTRONG NAVARRO", "__report_date": "2026-03-24T09:47:48.942Z", "__updated_at": "2026-03-24T09:47:48.942Z", "__updated_by": "LANCE ARMSTRONG NAVARRO"}' AS JSON), NULL, '2026-03-24 09:47:48', '2026-03-24 09:47:48') ON DUPLICATE KEY UPDATE payload=VALUES(payload), updated_at=VALUES(updated_at), doc_status=VALUES(doc_status), billing_status=VALUES(billing_status);
INSERT INTO my_app_construction_project (id, workflow_record_id, project_name, location, municipality, contractor, contract_cost, ntp_date, contract_duration_days, original_expiry_date, additional_cd_days, revised_expiry_date, date_completed, revised_contract_cost, status_previous_percent, status_current_percent, time_elapsed_percent, slippage_percent, remarks, payload, created_by_id, created_at, updated_at) VALUES ('7c63953b56913eef2f957c09a1cbf432', 'ca473ffb1ccda6ee07ca60d164c329bc', 'CONSTRUCTION OF SLOPE PROTECTION IN PAGLAUM - ITANGIL ROAD', 'BGY. TALOG, TAYTAY, PALAWAN', 'TAYTAY', 'MAXIMMUS CONSTRUCTION', 11694276.93, '2025-03-25', 153, '2025-08-25', 45 , NULL, NULL, NULL, 1.0, 1.0, 1.0, 0.0, 'COMPLETED', CAST('{"__id": "construction_1774345668942_zj2yoo", "project_name": "CONSTRUCTION OF SLOPE PROTECTION IN PAGLAUM - ITANGIL ROAD", "location": "BGY. TALOG, TAYTAY, PALAWAN", "mun": "TAYTAY", "contractor": "MAXIMMUS CONSTRUCTION", "contract_cost": "11694276.93", "ntp_date": "45741", "cd": "153", "original_expiry_date": "2025-08-25", "addl_cd": "45", "revised_expiry_date": "S.O - 1", "date_completed": "", "revised_contract_cost": "", "status_previous": "1", "status_current": "1", "time_elapsed": "1", "slippage": "0", "remarks": "COMPLETED", "__created_at": "2026-03-24T09:47:48.942Z", "__created_by": "LANCE ARMSTRONG NAVARRO", "__report_date": "2026-03-24T09:47:48.942Z", "__updated_at": "2026-03-24T09:47:48.942Z", "__updated_by": "LANCE ARMSTRONG NAVARRO"}' AS JSON), NULL, NOW(), NOW()) ON DUPLICATE KEY UPDATE workflow_record_id=VALUES(workflow_record_id), project_name=VALUES(project_name), location=VALUES(location), municipality=VALUES(municipality), contractor=VALUES(contractor), contract_cost=VALUES(contract_cost), ntp_date=VALUES(ntp_date), contract_duration_days=VALUES(contract_duration_days), original_expiry_date=VALUES(original_expiry_date), additional_cd_days=VALUES(additional_cd_days), revised_expiry_date=VALUES(revised_expiry_date), date_completed=VALUES(date_completed), revised_contract_cost=VALUES(revised_contract_cost), status_previous_percent=VALUES(status_previous_percent), status_current_percent=VALUES(status_current_percent), time_elapsed_percent=VALUES(time_elapsed_percent), slippage_percent=VALUES(slippage_percent), remarks=VALUES(remarks), payload=VALUES(payload), updated_at=VALUES(updated_at);
INSERT INTO my_app_division_submission (id, workflow_record_id, division_key, reference_no, received_from, received_at, status, remarks, payload, submitted_by_id, created_at, updated_at) VALUES ('fad132614a21f48b196925920bf00c20', 'ca473ffb1ccda6ee07ca60d164c329bc', 'construction', 'construction_1774345668942_zj2yoo', NULL, NULL, '1', 'COMPLETED', CAST('{"__id": "construction_1774345668942_zj2yoo", "project_name": "CONSTRUCTION OF SLOPE PROTECTION IN PAGLAUM - ITANGIL ROAD", "location": "BGY. TALOG, TAYTAY, PALAWAN", "mun": "TAYTAY", "contractor": "MAXIMMUS CONSTRUCTION", "contract_cost": "11694276.93", "ntp_date": "45741", "cd": "153", "original_expiry_date": "2025-08-25", "addl_cd": "45", "revised_expiry_date": "S.O - 1", "date_completed": "", "revised_contract_cost": "", "status_previous": "1", "status_current": "1", "time_elapsed": "1", "slippage": "0", "remarks": "COMPLETED", "__created_at": "2026-03-24T09:47:48.942Z", "__created_by": "LANCE ARMSTRONG NAVARRO", "__report_date": "2026-03-24T09:47:48.942Z", "__updated_at": "2026-03-24T09:47:48.942Z", "__updated_by": "LANCE ARMSTRONG NAVARRO"}' AS JSON), NULL, NOW(), NOW()) ON DUPLICATE KEY UPDATE status=VALUES(status), remarks=VALUES(remarks), payload=VALUES(payload), updated_at=VALUES(updated_at);
INSERT INTO my_app_workflow_record (id, source_admin_record_id, slip_no, document_name, project_name, location, contractor, billing_type, contract_amount, revised_contract_amount, assigned_division_key, doc_status, billing_status, date_received, payload, created_by_id, created_at, updated_at) VALUES ('cd1409b59a9b2489251d3876354ad06f', NULL, NULL, 'CONSTRUCTION OF CISTERN TANK, NORTHERN PALAWAN PROVINCIAL HOSPITAL', 'CONSTRUCTION OF CISTERN TANK, NORTHERN PALAWAN PROVINCIAL HOSPITAL', 'TAYTAY, PALAWAN', 'GTH BUILDERS AND DEVELOPERS', NULL, 1499999.96, NULL, 'construction', '0.98', '0.98', '2025-04-30 00:00:00', CAST('{"__id": "construction_1774345668942_dl6s85", "project_name": "CONSTRUCTION OF CISTERN TANK, NORTHERN PALAWAN PROVINCIAL HOSPITAL", "location": "TAYTAY, PALAWAN", "mun": "TAYTAY", "contractor": "GTH BUILDERS AND DEVELOPERS", "contract_cost": "1499999.96", "ntp_date": "45777", "cd": "120", "original_expiry_date": "2025-08-28", "addl_cd": "11", "revised_expiry_date": "S.O - 1", "date_completed": "", "revised_contract_cost": "", "status_previous": "0.98", "status_current": "0.98", "time_elapsed": "1", "slippage": "-0.020000000000000018", "remarks": "ONGOING", "__created_at": "2026-03-24T09:47:48.942Z", "__created_by": "LANCE ARMSTRONG NAVARRO", "__report_date": "2026-03-24T09:47:48.942Z", "__updated_at": "2026-03-24T09:47:48.942Z", "__updated_by": "LANCE ARMSTRONG NAVARRO"}' AS JSON), NULL, '2026-03-24 09:47:48', '2026-03-24 09:47:48') ON DUPLICATE KEY UPDATE payload=VALUES(payload), updated_at=VALUES(updated_at), doc_status=VALUES(doc_status), billing_status=VALUES(billing_status);
INSERT INTO my_app_construction_project (id, workflow_record_id, project_name, location, municipality, contractor, contract_cost, ntp_date, contract_duration_days, original_expiry_date, additional_cd_days, revised_expiry_date, date_completed, revised_contract_cost, status_previous_percent, status_current_percent, time_elapsed_percent, slippage_percent, remarks, payload, created_by_id, created_at, updated_at) VALUES ('a877cd33af4915edff45dd71d9956117', 'cd1409b59a9b2489251d3876354ad06f', 'CONSTRUCTION OF CISTERN TANK, NORTHERN PALAWAN PROVINCIAL HOSPITAL', 'TAYTAY, PALAWAN', 'TAYTAY', 'GTH BUILDERS AND DEVELOPERS', 1499999.96, '2025-04-30', 120, '2025-08-28', 11 , NULL, NULL, NULL, 0.98, 0.98, 1.0, -0.020000000000000018, 'ONGOING', CAST('{"__id": "construction_1774345668942_dl6s85", "project_name": "CONSTRUCTION OF CISTERN TANK, NORTHERN PALAWAN PROVINCIAL HOSPITAL", "location": "TAYTAY, PALAWAN", "mun": "TAYTAY", "contractor": "GTH BUILDERS AND DEVELOPERS", "contract_cost": "1499999.96", "ntp_date": "45777", "cd": "120", "original_expiry_date": "2025-08-28", "addl_cd": "11", "revised_expiry_date": "S.O - 1", "date_completed": "", "revised_contract_cost": "", "status_previous": "0.98", "status_current": "0.98", "time_elapsed": "1", "slippage": "-0.020000000000000018", "remarks": "ONGOING", "__created_at": "2026-03-24T09:47:48.942Z", "__created_by": "LANCE ARMSTRONG NAVARRO", "__report_date": "2026-03-24T09:47:48.942Z", "__updated_at": "2026-03-24T09:47:48.942Z", "__updated_by": "LANCE ARMSTRONG NAVARRO"}' AS JSON), NULL, NOW(), NOW()) ON DUPLICATE KEY UPDATE workflow_record_id=VALUES(workflow_record_id), project_name=VALUES(project_name), location=VALUES(location), municipality=VALUES(municipality), contractor=VALUES(contractor), contract_cost=VALUES(contract_cost), ntp_date=VALUES(ntp_date), contract_duration_days=VALUES(contract_duration_days), original_expiry_date=VALUES(original_expiry_date), additional_cd_days=VALUES(additional_cd_days), revised_expiry_date=VALUES(revised_expiry_date), date_completed=VALUES(date_completed), revised_contract_cost=VALUES(revised_contract_cost), status_previous_percent=VALUES(status_previous_percent), status_current_percent=VALUES(status_current_percent), time_elapsed_percent=VALUES(time_elapsed_percent), slippage_percent=VALUES(slippage_percent), remarks=VALUES(remarks), payload=VALUES(payload), updated_at=VALUES(updated_at);
INSERT INTO my_app_division_submission (id, workflow_record_id, division_key, reference_no, received_from, received_at, status, remarks, payload, submitted_by_id, created_at, updated_at) VALUES ('6a94b1466dd6b5ea41d11f87bcd26324', 'cd1409b59a9b2489251d3876354ad06f', 'construction', 'construction_1774345668942_dl6s85', NULL, NULL, '0.98', 'ONGOING', CAST('{"__id": "construction_1774345668942_dl6s85", "project_name": "CONSTRUCTION OF CISTERN TANK, NORTHERN PALAWAN PROVINCIAL HOSPITAL", "location": "TAYTAY, PALAWAN", "mun": "TAYTAY", "contractor": "GTH BUILDERS AND DEVELOPERS", "contract_cost": "1499999.96", "ntp_date": "45777", "cd": "120", "original_expiry_date": "2025-08-28", "addl_cd": "11", "revised_expiry_date": "S.O - 1", "date_completed": "", "revised_contract_cost": "", "status_previous": "0.98", "status_current": "0.98", "time_elapsed": "1", "slippage": "-0.020000000000000018", "remarks": "ONGOING", "__created_at": "2026-03-24T09:47:48.942Z", "__created_by": "LANCE ARMSTRONG NAVARRO", "__report_date": "2026-03-24T09:47:48.942Z", "__updated_at": "2026-03-24T09:47:48.942Z", "__updated_by": "LANCE ARMSTRONG NAVARRO"}' AS JSON), NULL, NOW(), NOW()) ON DUPLICATE KEY UPDATE status=VALUES(status), remarks=VALUES(remarks), payload=VALUES(payload), updated_at=VALUES(updated_at);
INSERT INTO my_app_workflow_record (id, source_admin_record_id, slip_no, document_name, project_name, location, contractor, billing_type, contract_amount, revised_contract_amount, assigned_division_key, doc_status, billing_status, date_received, payload, created_by_id, created_at, updated_at) VALUES ('4f8c9a1f43a9a715f89126e70726878e', NULL, NULL, 'CONSTRUCTION OF THREE IN ONE LARGE SCALE RURAL HEALTH UNIT PHASE II', 'CONSTRUCTION OF THREE IN ONE LARGE SCALE RURAL HEALTH UNIT PHASE II', 'NORTHEAST SANDOVAL, TAYTAY, PALAWAN', 'JJH CONSTRUCTION AND SUPPLIES TRADING', NULL, 13494947.18, NULL, 'construction', '0.45', '0.45', '2025-06-06 00:00:00', CAST('{"__id": "construction_1774345668942_q21kg3", "project_name": "CONSTRUCTION OF THREE IN ONE LARGE SCALE RURAL HEALTH UNIT PHASE II", "location": "NORTHEAST SANDOVAL, TAYTAY, PALAWAN", "mun": "TAYTAY", "contractor": "JJH CONSTRUCTION AND SUPPLIES TRADING", "contract_cost": "13494947.18", "ntp_date": "45814", "cd": "180", "original_expiry_date": "2025-12-03", "addl_cd": "78", "revised_expiry_date": "2026-02-19", "date_completed": "", "revised_contract_cost": "", "status_previous": "0.44", "status_current": "0.45", "time_elapsed": "0.9031007751937985", "slippage": "-0.4531007751937985", "remarks": "ONGOING", "__created_at": "2026-03-24T09:47:48.942Z", "__created_by": "LANCE ARMSTRONG NAVARRO", "__report_date": "2026-03-24T09:47:48.942Z", "__updated_at": "2026-03-24T09:47:48.942Z", "__updated_by": "LANCE ARMSTRONG NAVARRO"}' AS JSON), NULL, '2026-03-24 09:47:48', '2026-03-24 09:47:48') ON DUPLICATE KEY UPDATE payload=VALUES(payload), updated_at=VALUES(updated_at), doc_status=VALUES(doc_status), billing_status=VALUES(billing_status);
INSERT INTO my_app_construction_project (id, workflow_record_id, project_name, location, municipality, contractor, contract_cost, ntp_date, contract_duration_days, original_expiry_date, additional_cd_days, revised_expiry_date, date_completed, revised_contract_cost, status_previous_percent, status_current_percent, time_elapsed_percent, slippage_percent, remarks, payload, created_by_id, created_at, updated_at) VALUES ('a75c5ba03efb10f9abe3ef354e7db047', '4f8c9a1f43a9a715f89126e70726878e', 'CONSTRUCTION OF THREE IN ONE LARGE SCALE RURAL HEALTH UNIT PHASE II', 'NORTHEAST SANDOVAL, TAYTAY, PALAWAN', 'TAYTAY', 'JJH CONSTRUCTION AND SUPPLIES TRADING', 13494947.18, '2025-06-06', 180, '2025-12-03', 78 , '2026-02-19', NULL, NULL, 0.44, 0.45, 0.9031007751937985, -0.4531007751937985, 'ONGOING', CAST('{"__id": "construction_1774345668942_q21kg3", "project_name": "CONSTRUCTION OF THREE IN ONE LARGE SCALE RURAL HEALTH UNIT PHASE II", "location": "NORTHEAST SANDOVAL, TAYTAY, PALAWAN", "mun": "TAYTAY", "contractor": "JJH CONSTRUCTION AND SUPPLIES TRADING", "contract_cost": "13494947.18", "ntp_date": "45814", "cd": "180", "original_expiry_date": "2025-12-03", "addl_cd": "78", "revised_expiry_date": "2026-02-19", "date_completed": "", "revised_contract_cost": "", "status_previous": "0.44", "status_current": "0.45", "time_elapsed": "0.9031007751937985", "slippage": "-0.4531007751937985", "remarks": "ONGOING", "__created_at": "2026-03-24T09:47:48.942Z", "__created_by": "LANCE ARMSTRONG NAVARRO", "__report_date": "2026-03-24T09:47:48.942Z", "__updated_at": "2026-03-24T09:47:48.942Z", "__updated_by": "LANCE ARMSTRONG NAVARRO"}' AS JSON), NULL, NOW(), NOW()) ON DUPLICATE KEY UPDATE workflow_record_id=VALUES(workflow_record_id), project_name=VALUES(project_name), location=VALUES(location), municipality=VALUES(municipality), contractor=VALUES(contractor), contract_cost=VALUES(contract_cost), ntp_date=VALUES(ntp_date), contract_duration_days=VALUES(contract_duration_days), original_expiry_date=VALUES(original_expiry_date), additional_cd_days=VALUES(additional_cd_days), revised_expiry_date=VALUES(revised_expiry_date), date_completed=VALUES(date_completed), revised_contract_cost=VALUES(revised_contract_cost), status_previous_percent=VALUES(status_previous_percent), status_current_percent=VALUES(status_current_percent), time_elapsed_percent=VALUES(time_elapsed_percent), slippage_percent=VALUES(slippage_percent), remarks=VALUES(remarks), payload=VALUES(payload), updated_at=VALUES(updated_at);
INSERT INTO my_app_division_submission (id, workflow_record_id, division_key, reference_no, received_from, received_at, status, remarks, payload, submitted_by_id, created_at, updated_at) VALUES ('946c91f96eb98c88e7a4db8b50a6ed76', '4f8c9a1f43a9a715f89126e70726878e', 'construction', 'construction_1774345668942_q21kg3', NULL, NULL, '0.45', 'ONGOING', CAST('{"__id": "construction_1774345668942_q21kg3", "project_name": "CONSTRUCTION OF THREE IN ONE LARGE SCALE RURAL HEALTH UNIT PHASE II", "location": "NORTHEAST SANDOVAL, TAYTAY, PALAWAN", "mun": "TAYTAY", "contractor": "JJH CONSTRUCTION AND SUPPLIES TRADING", "contract_cost": "13494947.18", "ntp_date": "45814", "cd": "180", "original_expiry_date": "2025-12-03", "addl_cd": "78", "revised_expiry_date": "2026-02-19", "date_completed": "", "revised_contract_cost": "", "status_previous": "0.44", "status_current": "0.45", "time_elapsed": "0.9031007751937985", "slippage": "-0.4531007751937985", "remarks": "ONGOING", "__created_at": "2026-03-24T09:47:48.942Z", "__created_by": "LANCE ARMSTRONG NAVARRO", "__report_date": "2026-03-24T09:47:48.942Z", "__updated_at": "2026-03-24T09:47:48.942Z", "__updated_by": "LANCE ARMSTRONG NAVARRO"}' AS JSON), NULL, NOW(), NOW()) ON DUPLICATE KEY UPDATE status=VALUES(status), remarks=VALUES(remarks), payload=VALUES(payload), updated_at=VALUES(updated_at);
INSERT INTO my_app_workflow_record (id, source_admin_record_id, slip_no, document_name, project_name, location, contractor, billing_type, contract_amount, revised_contract_amount, assigned_division_key, doc_status, billing_status, date_received, payload, created_by_id, created_at, updated_at) VALUES ('f50cf0d671e5ee954e1296e5cb702d88', NULL, NULL, 'CONSTRUCTION OF TWO(2) CLASS ROOM BUILDING SCHOOL BUILDING,CATABAN ELEMENTARY SCHOOL', 'CONSTRUCTION OF TWO(2) CLASS ROOM BUILDING SCHOOL BUILDING,CATABAN ELEMENTARY SCHOOL', 'BRGY.CATABAN', 'FSD CONSTRUCTION', NULL, 5665022.67, NULL, 'construction', '0.78', '0.78', '2025-06-27 00:00:00', CAST('{"__id": "construction_1774345668942_ok3t5x", "project_name": "CONSTRUCTION OF TWO(2) CLASS ROOM BUILDING SCHOOL BUILDING,CATABAN ELEMENTARY SCHOOL", "location": "BRGY.CATABAN", "mun": "TAYTAY", "contractor": "FSD CONSTRUCTION", "contract_cost": "5665022.67", "ntp_date": "45835", "cd": "155", "original_expiry_date": "2025-11-29", "addl_cd": "30", "revised_expiry_date": "2025-12-29", "date_completed": "", "revised_contract_cost": "", "status_previous": "0.65", "status_current": "0.78", "time_elapsed": "1", "slippage": "-0.21999999999999997", "remarks": "ONGOING", "__created_at": "2026-03-24T09:47:48.942Z", "__created_by": "LANCE ARMSTRONG NAVARRO", "__report_date": "2026-03-24T09:47:48.942Z", "__updated_at": "2026-03-24T09:47:48.942Z", "__updated_by": "LANCE ARMSTRONG NAVARRO"}' AS JSON), NULL, '2026-03-24 09:47:48', '2026-03-24 09:47:48') ON DUPLICATE KEY UPDATE payload=VALUES(payload), updated_at=VALUES(updated_at), doc_status=VALUES(doc_status), billing_status=VALUES(billing_status);
INSERT INTO my_app_construction_project (id, workflow_record_id, project_name, location, municipality, contractor, contract_cost, ntp_date, contract_duration_days, original_expiry_date, additional_cd_days, revised_expiry_date, date_completed, revised_contract_cost, status_previous_percent, status_current_percent, time_elapsed_percent, slippage_percent, remarks, payload, created_by_id, created_at, updated_at) VALUES ('935fe3886bb461e89c3ab88cf6023772', 'f50cf0d671e5ee954e1296e5cb702d88', 'CONSTRUCTION OF TWO(2) CLASS ROOM BUILDING SCHOOL BUILDING,CATABAN ELEMENTARY SCHOOL', 'BRGY.CATABAN', 'TAYTAY', 'FSD CONSTRUCTION', 5665022.67, '2025-06-27', 155, '2025-11-29', 30 , '2025-12-29', NULL, NULL, 0.65, 0.78, 1.0, -0.21999999999999997, 'ONGOING', CAST('{"__id": "construction_1774345668942_ok3t5x", "project_name": "CONSTRUCTION OF TWO(2) CLASS ROOM BUILDING SCHOOL BUILDING,CATABAN ELEMENTARY SCHOOL", "location": "BRGY.CATABAN", "mun": "TAYTAY", "contractor": "FSD CONSTRUCTION", "contract_cost": "5665022.67", "ntp_date": "45835", "cd": "155", "original_expiry_date": "2025-11-29", "addl_cd": "30", "revised_expiry_date": "2025-12-29", "date_completed": "", "revised_contract_cost": "", "status_previous": "0.65", "status_current": "0.78", "time_elapsed": "1", "slippage": "-0.21999999999999997", "remarks": "ONGOING", "__created_at": "2026-03-24T09:47:48.942Z", "__created_by": "LANCE ARMSTRONG NAVARRO", "__report_date": "2026-03-24T09:47:48.942Z", "__updated_at": "2026-03-24T09:47:48.942Z", "__updated_by": "LANCE ARMSTRONG NAVARRO"}' AS JSON), NULL, NOW(), NOW()) ON DUPLICATE KEY UPDATE workflow_record_id=VALUES(workflow_record_id), project_name=VALUES(project_name), location=VALUES(location), municipality=VALUES(municipality), contractor=VALUES(contractor), contract_cost=VALUES(contract_cost), ntp_date=VALUES(ntp_date), contract_duration_days=VALUES(contract_duration_days), original_expiry_date=VALUES(original_expiry_date), additional_cd_days=VALUES(additional_cd_days), revised_expiry_date=VALUES(revised_expiry_date), date_completed=VALUES(date_completed), revised_contract_cost=VALUES(revised_contract_cost), status_previous_percent=VALUES(status_previous_percent), status_current_percent=VALUES(status_current_percent), time_elapsed_percent=VALUES(time_elapsed_percent), slippage_percent=VALUES(slippage_percent), remarks=VALUES(remarks), payload=VALUES(payload), updated_at=VALUES(updated_at);
INSERT INTO my_app_division_submission (id, workflow_record_id, division_key, reference_no, received_from, received_at, status, remarks, payload, submitted_by_id, created_at, updated_at) VALUES ('72a670750bc2ac2ccaaec626f1101f5f', 'f50cf0d671e5ee954e1296e5cb702d88', 'construction', 'construction_1774345668942_ok3t5x', NULL, NULL, '0.78', 'ONGOING', CAST('{"__id": "construction_1774345668942_ok3t5x", "project_name": "CONSTRUCTION OF TWO(2) CLASS ROOM BUILDING SCHOOL BUILDING,CATABAN ELEMENTARY SCHOOL", "location": "BRGY.CATABAN", "mun": "TAYTAY", "contractor": "FSD CONSTRUCTION", "contract_cost": "5665022.67", "ntp_date": "45835", "cd": "155", "original_expiry_date": "2025-11-29", "addl_cd": "30", "revised_expiry_date": "2025-12-29", "date_completed": "", "revised_contract_cost": "", "status_previous": "0.65", "status_current": "0.78", "time_elapsed": "1", "slippage": "-0.21999999999999997", "remarks": "ONGOING", "__created_at": "2026-03-24T09:47:48.942Z", "__created_by": "LANCE ARMSTRONG NAVARRO", "__report_date": "2026-03-24T09:47:48.942Z", "__updated_at": "2026-03-24T09:47:48.942Z", "__updated_by": "LANCE ARMSTRONG NAVARRO"}' AS JSON), NULL, NOW(), NOW()) ON DUPLICATE KEY UPDATE status=VALUES(status), remarks=VALUES(remarks), payload=VALUES(payload), updated_at=VALUES(updated_at);
INSERT INTO my_app_workflow_record (id, source_admin_record_id, slip_no, document_name, project_name, location, contractor, billing_type, contract_amount, revised_contract_amount, assigned_division_key, doc_status, billing_status, date_received, payload, created_by_id, created_at, updated_at) VALUES ('ffe7bc59612ad78dfbfc9a3fd8133708', NULL, NULL, 'REPAIR OF NORTHERN PALAWAN PROVINCIAL HOSPITAL DAMAGED BY TYPHOON TINO TAYTAY', 'REPAIR OF NORTHERN PALAWAN PROVINCIAL HOSPITAL DAMAGED BY TYPHOON TINO TAYTAY', 'POBLACION', 'Seven Digit Construction and Trucking Services Corp.', NULL, 7196872.2, NULL, 'construction', '0.0123', '0.0123', '2026-01-13 00:00:00', CAST('{"__id": "construction_1774345668942_4t89el", "project_name": "REPAIR OF NORTHERN PALAWAN PROVINCIAL HOSPITAL DAMAGED BY TYPHOON TINO TAYTAY", "location": "POBLACION", "mun": "TAYTAY", "contractor": "Seven Digit Construction and Trucking Services Corp.", "contract_cost": "7196872.2", "ntp_date": "46035", "cd": "180", "original_expiry_date": "2026-07-12", "addl_cd": "", "revised_expiry_date": "", "date_completed": "", "revised_contract_cost": "", "status_previous": "0.65", "status_current": "0.0123", "time_elapsed": "0.06666666666666667", "slippage": "-0.05436666666666667", "remarks": "ONGOING", "__created_at": "2026-03-24T09:47:48.942Z", "__created_by": "LANCE ARMSTRONG NAVARRO", "__report_date": "2026-03-24T09:47:48.942Z", "__updated_at": "2026-03-24T09:47:48.942Z", "__updated_by": "LANCE ARMSTRONG NAVARRO"}' AS JSON), NULL, '2026-03-24 09:47:48', '2026-03-24 09:47:48') ON DUPLICATE KEY UPDATE payload=VALUES(payload), updated_at=VALUES(updated_at), doc_status=VALUES(doc_status), billing_status=VALUES(billing_status);
INSERT INTO my_app_construction_project (id, workflow_record_id, project_name, location, municipality, contractor, contract_cost, ntp_date, contract_duration_days, original_expiry_date, additional_cd_days, revised_expiry_date, date_completed, revised_contract_cost, status_previous_percent, status_current_percent, time_elapsed_percent, slippage_percent, remarks, payload, created_by_id, created_at, updated_at) VALUES ('069b42b4f4054b27eb2e01e6d6d8cde4', 'ffe7bc59612ad78dfbfc9a3fd8133708', 'REPAIR OF NORTHERN PALAWAN PROVINCIAL HOSPITAL DAMAGED BY TYPHOON TINO TAYTAY', 'POBLACION', 'TAYTAY', 'Seven Digit Construction and Trucking Services Corp.', 7196872.2, '2026-01-13', 180, '2026-07-12', NULL , NULL, NULL, NULL, 0.65, 0.0123, 0.06666666666666667, -0.05436666666666667, 'ONGOING', CAST('{"__id": "construction_1774345668942_4t89el", "project_name": "REPAIR OF NORTHERN PALAWAN PROVINCIAL HOSPITAL DAMAGED BY TYPHOON TINO TAYTAY", "location": "POBLACION", "mun": "TAYTAY", "contractor": "Seven Digit Construction and Trucking Services Corp.", "contract_cost": "7196872.2", "ntp_date": "46035", "cd": "180", "original_expiry_date": "2026-07-12", "addl_cd": "", "revised_expiry_date": "", "date_completed": "", "revised_contract_cost": "", "status_previous": "0.65", "status_current": "0.0123", "time_elapsed": "0.06666666666666667", "slippage": "-0.05436666666666667", "remarks": "ONGOING", "__created_at": "2026-03-24T09:47:48.942Z", "__created_by": "LANCE ARMSTRONG NAVARRO", "__report_date": "2026-03-24T09:47:48.942Z", "__updated_at": "2026-03-24T09:47:48.942Z", "__updated_by": "LANCE ARMSTRONG NAVARRO"}' AS JSON), NULL, NOW(), NOW()) ON DUPLICATE KEY UPDATE workflow_record_id=VALUES(workflow_record_id), project_name=VALUES(project_name), location=VALUES(location), municipality=VALUES(municipality), contractor=VALUES(contractor), contract_cost=VALUES(contract_cost), ntp_date=VALUES(ntp_date), contract_duration_days=VALUES(contract_duration_days), original_expiry_date=VALUES(original_expiry_date), additional_cd_days=VALUES(additional_cd_days), revised_expiry_date=VALUES(revised_expiry_date), date_completed=VALUES(date_completed), revised_contract_cost=VALUES(revised_contract_cost), status_previous_percent=VALUES(status_previous_percent), status_current_percent=VALUES(status_current_percent), time_elapsed_percent=VALUES(time_elapsed_percent), slippage_percent=VALUES(slippage_percent), remarks=VALUES(remarks), payload=VALUES(payload), updated_at=VALUES(updated_at);
INSERT INTO my_app_division_submission (id, workflow_record_id, division_key, reference_no, received_from, received_at, status, remarks, payload, submitted_by_id, created_at, updated_at) VALUES ('a0ea587c6b6f0a1eb578cdc6097b99cf', 'ffe7bc59612ad78dfbfc9a3fd8133708', 'construction', 'construction_1774345668942_4t89el', NULL, NULL, '0.0123', 'ONGOING', CAST('{"__id": "construction_1774345668942_4t89el", "project_name": "REPAIR OF NORTHERN PALAWAN PROVINCIAL HOSPITAL DAMAGED BY TYPHOON TINO TAYTAY", "location": "POBLACION", "mun": "TAYTAY", "contractor": "Seven Digit Construction and Trucking Services Corp.", "contract_cost": "7196872.2", "ntp_date": "46035", "cd": "180", "original_expiry_date": "2026-07-12", "addl_cd": "", "revised_expiry_date": "", "date_completed": "", "revised_contract_cost": "", "status_previous": "0.65", "status_current": "0.0123", "time_elapsed": "0.06666666666666667", "slippage": "-0.05436666666666667", "remarks": "ONGOING", "__created_at": "2026-03-24T09:47:48.942Z", "__created_by": "LANCE ARMSTRONG NAVARRO", "__report_date": "2026-03-24T09:47:48.942Z", "__updated_at": "2026-03-24T09:47:48.942Z", "__updated_by": "LANCE ARMSTRONG NAVARRO"}' AS JSON), NULL, NOW(), NOW()) ON DUPLICATE KEY UPDATE status=VALUES(status), remarks=VALUES(remarks), payload=VALUES(payload), updated_at=VALUES(updated_at);
INSERT INTO my_app_maintenance_task (id, workflow_record_id, admin_record_external_id, slip_no, title, division_label, location, assigned_to, priority, status, due_date, amount, notes, payload, created_at, updated_at) VALUES ('9d732cf35d9cad3ad86dcc1898da6a54', '8d1840288d526dcb121e6a5cdb8a9bda', 'admin_submit_1774338263500_oows6d', '-', 'dadasddasda', 'Admin Division', 'dasd213', NULL, '-', 'Pending', '2026-03-24', NULL, 'Construction proposal approved.', CAST('{"adminRecordId": "admin_submit_1774338263500_oows6d", "slipNo": "-", "title": "dadasddasda", "location": "dasd213", "assignedTo": "", "division": "Admin Division", "allocation": "Admin Division", "priority": "-", "amount": "-", "receiveFrom": "Planning Division", "dueDateIso": "2026-03-24", "dueDateDisplay": "Mar 24, 2026", "createdAt": "2026-03-24T09:15:55.783Z", "updatedAt": "2026-03-24T09:16:43.215Z", "route": "Outgoing", "status": "Pending", "notes": "Construction proposal approved."}' AS JSON), NOW(), NOW()) ON DUPLICATE KEY UPDATE workflow_record_id=VALUES(workflow_record_id), status=VALUES(status), due_date=VALUES(due_date), amount=VALUES(amount), notes=VALUES(notes), payload=VALUES(payload), updated_at=VALUES(updated_at);
INSERT INTO my_app_division_submission (id, workflow_record_id, division_key, reference_no, received_from, received_at, status, remarks, payload, submitted_by_id, created_at, updated_at) VALUES ('35caf8b28499a26d3b50eb2721a1414a', '8d1840288d526dcb121e6a5cdb8a9bda', 'maintenance', '-', 'Planning Division', '2026-03-24 00:00:00', 'Pending', 'Construction proposal approved.', CAST('{"adminRecordId": "admin_submit_1774338263500_oows6d", "slipNo": "-", "title": "dadasddasda", "location": "dasd213", "assignedTo": "", "division": "Admin Division", "allocation": "Admin Division", "priority": "-", "amount": "-", "receiveFrom": "Planning Division", "dueDateIso": "2026-03-24", "dueDateDisplay": "Mar 24, 2026", "createdAt": "2026-03-24T09:15:55.783Z", "updatedAt": "2026-03-24T09:16:43.215Z", "route": "Outgoing", "status": "Pending", "notes": "Construction proposal approved."}' AS JSON), NULL, NOW(), NOW()) ON DUPLICATE KEY UPDATE status=VALUES(status), remarks=VALUES(remarks), payload=VALUES(payload), updated_at=VALUES(updated_at);
INSERT INTO my_app_maintenance_task (id, workflow_record_id, admin_record_external_id, slip_no, title, division_label, location, assigned_to, priority, status, due_date, amount, notes, payload, created_at, updated_at) VALUES ('88602f1633fcea029821191a3358d976', '348ebef2a5a5515f3ceb56d121af59f2', 'admin_submit_1774338469419_funu95', '-', 'Construction of Bridge', 'Admin Division', 'Brgy. San Rafael Palawan', NULL, '-', 'Pending', '2026-03-24', NULL, 'Construction proposal approved.', CAST('{"adminRecordId": "admin_submit_1774338469419_funu95", "slipNo": "-", "title": "Construction of Bridge", "location": "Brgy. San Rafael Palawan", "assignedTo": "", "division": "Admin Division", "allocation": "Admin Division", "priority": "-", "amount": "-", "receiveFrom": "Planning Division", "dueDateIso": "2026-03-24", "dueDateDisplay": "Mar 24, 2026", "createdAt": "2026-03-24T09:15:49.238Z", "updatedAt": "2026-03-24T09:16:43.215Z", "route": "Outgoing", "status": "Pending", "notes": "Construction proposal approved."}' AS JSON), NOW(), NOW()) ON DUPLICATE KEY UPDATE workflow_record_id=VALUES(workflow_record_id), status=VALUES(status), due_date=VALUES(due_date), amount=VALUES(amount), notes=VALUES(notes), payload=VALUES(payload), updated_at=VALUES(updated_at);
INSERT INTO my_app_division_submission (id, workflow_record_id, division_key, reference_no, received_from, received_at, status, remarks, payload, submitted_by_id, created_at, updated_at) VALUES ('d1e1eb8397392f5c842ee3807f241980', '348ebef2a5a5515f3ceb56d121af59f2', 'maintenance', '-', 'Planning Division', '2026-03-24 00:00:00', 'Pending', 'Construction proposal approved.', CAST('{"adminRecordId": "admin_submit_1774338469419_funu95", "slipNo": "-", "title": "Construction of Bridge", "location": "Brgy. San Rafael Palawan", "assignedTo": "", "division": "Admin Division", "allocation": "Admin Division", "priority": "-", "amount": "-", "receiveFrom": "Planning Division", "dueDateIso": "2026-03-24", "dueDateDisplay": "Mar 24, 2026", "createdAt": "2026-03-24T09:15:49.238Z", "updatedAt": "2026-03-24T09:16:43.215Z", "route": "Outgoing", "status": "Pending", "notes": "Construction proposal approved."}' AS JSON), NULL, NOW(), NOW()) ON DUPLICATE KEY UPDATE status=VALUES(status), remarks=VALUES(remarks), payload=VALUES(payload), updated_at=VALUES(updated_at);
COMMIT;
